Strain,Stress (MPa)
0,0
7.60E-07,0.08626783
1.52E-06,0.172535659
2.28E-06,0.258803489
3.04E-06,0.345071318
3.80E-06,0.431339148
4.56E-06,0.517606977
5.32E-06,0.603874807
6.08E-06,0.690142636
6.84E-06,0.776410466
7.60E-06,0.862678295
8.37E-06,0.948946125
9.13E-06,1.035213954
9.89E-06,1.121481784
1.06E-05,1.207749613
1.14E-05,1.294017443
1.22E-05,1.380285273
1.29E-05,1.466553102
1.37E-05,1.552820932
1.44E-05,1.639088761
1.52E-05,1.725356591
1.60E-05,1.81162442
1.67E-05,1.89789225
1.75E-05,1.984160079
1.83E-05,2.070427909
1.90E-05,2.156695738
1.98E-05,2.242963568
2.05E-05,2.329231397
2.13E-05,2.415499227
2.21E-05,2.501767056
2.28E-05,2.588034886
2.32E-05,2.70314989
2.36E-05,2.818264893
2.40E-05,2.933379897
2.43E-05,3.0484949
2.47E-05,3.163609904
2.51E-05,3.278724907
2.55E-05,3.393839911
2.59E-05,3.508954914
2.62E-05,3.624069918
2.66E-05,3.739184921
2.70E-05,3.854299925
2.74E-05,3.969414928
2.78E-05,4.084529932
2.81E-05,4.199644935
2.85E-05,4.314759939
2.89E-05,4.429874943
2.93E-05,4.544989946
2.97E-05,4.66010495
3.00E-05,4.775219953
3.04E-05,4.890334957
3.08E-05,5.00544996
3.12E-05,5.120564964
3.16E-05,5.235679967
3.19E-05,5.350794971
3.23E-05,5.465909974
3.27E-05,5.581024978
3.31E-05,5.696139981
3.35E-05,5.811254985
3.38E-05,5.926369988
3.42E-05,6.041484992
3.50E-05,6.156545257
3.57E-05,6.271605522
3.65E-05,6.386665787
3.73E-05,6.501726052
3.80E-05,6.616786317
3.88E-05,6.731846582
3.95E-05,6.846906847
4.03E-05,6.961967112
4.11E-05,7.077027377
4.18E-05,7.192087642
4.26E-05,7.307147907
4.33E-05,7.422208172
4.41E-05,7.537268437
4.49E-05,7.652328702
4.56E-05,7.767388968
4.64E-05,7.882449233
4.71E-05,7.997509498
4.79E-05,8.112569763
4.87E-05,8.227630028
4.94E-05,8.342690293
5.02E-05,8.457750558
5.10E-05,8.572810823
5.17E-05,8.687871088
5.25E-05,8.802931353
5.32E-05,8.917991618
5.40E-05,9.033051883
5.48E-05,9.148112148
5.55E-05,9.263172413
5.63E-05,9.378232678
5.70E-05,9.493292943
5.82E-05,9.680279558
5.93E-05,9.867266173
6.05E-05,10.05425279
6.16E-05,10.2412394
6.27E-05,10.42822602
6.39E-05,10.61521263
6.50E-05,10.80219925
6.62E-05,10.98918586
6.73E-05,11.17617248
6.84E-05,11.3631591
6.96E-05,11.55014571
7.07E-05,11.73713233
7.19E-05,11.92411894
7.30E-05,12.11110556
7.41E-05,12.29809217
7.53E-05,12.48507879
7.64E-05,12.6720654
7.76E-05,12.85905202
7.87E-05,13.04603863
7.98E-05,13.23302525
8.10E-05,13.42001186
8.21E-05,13.60699848
8.33E-05,13.79398509
8.44E-05,13.98097171
8.56E-05,14.16795832
8.67E-05,14.35494494
8.78E-05,14.54193155
8.90E-05,14.72891817
9.01E-05,14.91590478
9.13E-05,15.1028914
9.20E-05,15.23234788
9.28E-05,15.36180437
9.35E-05,15.49126085
9.43E-05,15.62071733
9.51E-05,15.75017382
9.58E-05,15.8796303
9.66E-05,16.00908678
9.73E-05,16.13854326
9.81E-05,16.26799975
9.89E-05,16.39745623
9.96E-05,16.52691271
0.00010038,16.6563692
0.000101141,16.78582568
0.000101901,16.91528216
0.000102661,17.04473865
0.000103422,17.17419513
0.000104182,17.30365161
0.000104943,17.43310809
0.000105703,17.56256458
0.000106464,17.69202106
0.000107224,17.82147754
0.000107984,17.95093403
0.000108745,18.08039051
0.000109505,18.20984699
0.000110266,18.33930348
0.000111026,18.46875996
0.000111787,18.59821644
0.000112547,18.72767292
0.000113308,18.85712941
0.000114068,18.98658589
0.000114448,19.05851224
0.000114828,19.13043859
0.000115209,19.20236494
0.000115589,19.27429129
0.000115969,19.34621764
0.000116349,19.41814399
0.00011673,19.49007034
0.00011711,19.56199669
0.00011749,19.63392304
0.00011787,19.70584939
0.000118251,19.77777574
0.000118631,19.84970209
0.000119011,19.92162844
0.000119391,19.99355479
0.000119772,20.06548114
0.000120152,20.13740749
0.000120532,20.20933384
0.000120912,20.28126019
0.000121292,20.35318654
0.000121673,20.42511289
0.000122053,20.49703924
0.000122433,20.56896559
0.000122813,20.64089194
0.000123194,20.71281829
0.000123574,20.78474464
0.000123954,20.85667099
0.000124334,20.92859734
0.000124715,21.00052369
0.000125095,21.07245004
0.000125475,21.14437639
0.000126235,21.27383287
0.000126996,21.40328936
0.000127756,21.53274584
0.000128517,21.66220232
0.000129277,21.79165881
0.000130038,21.92111529
0.000130798,22.05057177
0.000131559,22.18002825
0.000132319,22.30948474
0.00013308,22.43894122
0.00013384,22.5683977
0.000134601,22.69785419
0.000135361,22.82731067
0.000136122,22.95676715
0.000136882,23.08622364
0.000137642,23.21568012
0.000138403,23.3451366
0.000139163,23.47459308
0.000139924,23.60404957
0.000140684,23.73350605
0.000141445,23.86296253
0.000142205,23.99241902
0.000142966,24.1218755
0.000143726,24.25133198
0.000144487,24.38078847
0.000145247,24.51024495
0.000146008,24.63970143
0.000146768,24.76915791
0.000147529,24.8986144
0.000148289,25.02807088
0.000149049,25.12873493
0.00014981,25.22939897
0.00015057,25.33006302
0.000151331,25.43072707
0.000152091,25.53139112
0.000152852,25.63205516
0.000153612,25.73271921
0.000154373,25.83338326
0.000155133,25.93404731
0.000155894,26.03471135
0.000156654,26.1353754
0.000157415,26.23603945
0.000158175,26.3367035
0.000158936,26.43736754
0.000159696,26.53803159
0.000160456,26.63869564
0.000161217,26.73935968
0.000161977,26.84002373
0.000162738,26.94068778
0.000163498,27.04135183
0.000164259,27.14201587
0.000165019,27.24267992
0.00016578,27.34334397
0.00016654,27.44400802
0.000167301,27.54467206
0.000168061,27.64533611
0.000168822,27.74600016
0.000169582,27.84666421
0.000170343,27.94732825
0.000171103,28.0479923
0.000171863,28.20624122
0.000172624,28.36449014
0.000173384,28.52273906
0.000174145,28.68098797
0.000174905,28.83923689
0.000175666,28.99748581
0.000176426,29.15573473
0.000177186,29.31398365
0.000177947,29.47223257
0.000178707,29.63048148
0.000179468,29.7887304
0.000180228,29.94697932
0.000180989,30.10522824
0.000181749,30.26347716
0.00018251,30.42172608
0.00018327,30.57997499
0.00018403,30.73822391
0.000184791,30.89647283
0.000185551,31.05472175
0.000186312,31.21297067
0.000187072,31.37121959
0.000187833,31.5294685
0.000188593,31.68771742
0.000189353,31.84596634
0.000190114,32.00421526
0.000190874,32.16246418
0.000191635,32.3207131
0.000192395,32.47896201
0.000193156,32.63721093
0.000193916,32.79545985
0.000194676,32.92491633
0.000195437,33.05437282
0.000196197,33.1838293
0.000196958,33.31328578
0.000197718,33.44274226
0.000198479,33.57219875
0.000199239,33.70165523
0.0002,33.83111171
0.00020076,33.96056819
0.000201521,34.09002468
0.000202281,34.21948116
0.000203042,34.34893764
0.000203802,34.47839412
0.000204563,34.60785061
0.000205323,34.73730709
0.000206083,34.86676357
0.000206844,34.99622006
0.000207604,35.12567654
0.000208365,35.25513302
0.000209125,35.3845895
0.000209886,35.51404599
0.000210646,35.64350247
0.000211407,35.77295895
0.000212167,35.90241543
0.000212928,36.03187192
0.000213688,36.1613284
0.000214449,36.29078488
0.000215209,36.42024136
0.00021597,36.54969785
0.00021673,36.67915433
0.00021749,36.77981838
0.000218251,36.88048242
0.000219011,36.98114647
0.000219772,37.08181052
0.000220532,37.18247457
0.000221293,37.28313861
0.000222053,37.38380266
0.000222814,37.48446671
0.000223574,37.58513076
0.000224335,37.6857948
0.000225095,37.78645885
0.000225856,37.8871229
0.000226616,37.98778695
0.000227377,38.08845099
0.000228137,38.18911504
0.000228897,38.28977909
0.000229658,38.39044313
0.000230418,38.49110718
0.000231179,38.59177123
0.000231939,38.69243528
0.0002327,38.79309932
0.00023346,38.89376337
0.000234221,38.99442742
0.000234981,39.09509147
0.000235742,39.19575551
0.000236502,39.29641956
0.000237263,39.39708361
0.000238023,39.49774766
0.000238784,39.5984117
0.000239544,39.69907575
0.000240304,39.81413601
0.000241065,39.92919628
0.000241825,40.04425654
0.000242586,40.15931681
0.000243346,40.27437708
0.000244107,40.38943734
0.000244867,40.50449761
0.000245627,40.61955787
0.000246388,40.73461814
0.000247148,40.8496784
0.000247909,40.96473867
0.000248669,41.07979893
0.00024943,41.1948592
0.00025019,41.30991946
0.000250951,41.42497973
0.000251711,41.54003999
0.000252471,41.65510026
0.000253232,41.77016052
0.000253992,41.88522079
0.000254753,42.00028105
0.000255513,42.11534132
0.000256274,42.23040158
0.000257034,42.34546185
0.000257794,42.46052211
0.000258555,42.57558238
0.000259315,42.69064264
0.000260076,42.80570291
0.000260836,42.92076317
0.000261597,43.03582344
0.000262357,43.1508837
0.000262737,43.2659987
0.000263117,43.38111371
0.000263498,43.49622871
0.000263878,43.61134371
0.000264258,43.72645872
0.000264638,43.84157372
0.000265019,43.95668872
0.000265399,44.07180373
0.000265779,44.18691873
0.000266159,44.30203373
0.00026654,44.41714874
0.00026692,44.53226374
0.0002673,44.64737874
0.00026768,44.76249375
0.000268061,44.87760875
0.000268441,44.99272375
0.000268821,45.10783876
0.000269201,45.22295376
0.000269581,45.33806876
0.000269962,45.45318377
0.000270342,45.56829877
0.000270722,45.68341377
0.000271102,45.79852878
0.000271483,45.91364378
0.000271863,46.02875878
0.000272243,46.14387379
0.000272623,46.25898879
0.000273004,46.37410379
0.000273384,46.4892188
0.000273764,46.6043338
0.000274524,46.73379028
0.000275285,46.86324677
0.000276045,46.99270325
0.000276806,47.12215973
0.000277566,47.25161622
0.000278327,47.3810727
0.000279087,47.51052918
0.000279848,47.63998566
0.000280608,47.76944215
0.000281369,47.89889863
0.000282129,48.02835511
0.00028289,48.1578116
0.00028365,48.28726808
0.000284411,48.41672456
0.000285171,48.54618105
0.000285931,48.67563753
0.000286692,48.80509401
0.000287452,48.93455049
0.000288213,49.06400698
0.000288973,49.19346346
0.000289734,49.32291994
0.000290494,49.45237643
0.000291255,49.58183291
0.000292015,49.71128939
0.000292776,49.84074588
0.000293536,49.97020236
0.000294297,50.09965884
0.000295057,50.22911532
0.000295818,50.35857181
0.000296578,50.48802829
0.000297338,50.60308856
0.000298099,50.71814882
0.000298859,50.83320909
0.00029962,50.94826935
0.00030038,51.06332962
0.000301141,51.17838988
0.000301901,51.29345015
0.000302662,51.40851041
0.000303422,51.52357068
0.000304183,51.63863094
0.000304943,51.75369121
0.000305704,51.86875147
0.000306464,51.98381174
0.000307225,52.098872
0.000307985,52.21393227
0.000308745,52.32899253
0.000309506,52.4440528
0.000310266,52.55911306
0.000311027,52.67417333
0.000311787,52.78923359
0.000312548,52.90429386
0.000313308,53.01935412
0.000314069,53.13441439
0.000314829,53.24947465
0.00031559,53.36453492
0.00031635,53.47959518
0.000317111,53.59465545
0.000317871,53.70971571
0.000318632,53.82477598
0.000319392,53.93983624
0.000319772,54.04055503
0.000320152,54.14127381
0.000320533,54.2419926
0.000320913,54.34271138
0.000321293,54.44343017
0.000321673,54.54414895
0.000322053,54.64486774
0.000322434,54.74558653
0.000322814,54.84630531
0.000323194,54.9470241
0.000323574,55.04774288
0.000323954,55.14846167
0.000324335,55.24918045
0.000324715,55.34989924
0.000325095,55.45061803
0.000325475,55.55133681
0.000325855,55.6520556
0.000326236,55.75277438
0.000326616,55.85349317
0.000326996,55.95421195
0.000327376,56.05493074
0.000327756,56.15564952
0.000328137,56.25636831
0.000328517,56.3570871
0.000328897,56.45780588
0.000329277,56.55852467
0.000329657,56.65924345
0.000330038,56.75996224
0.000330418,56.86068102
0.000330798,56.96139981
0.000331558,57.07646008
0.000332319,57.19152034
0.000333079,57.30658061
0.00033384,57.42164087
0.0003346,57.53670114
0.000335361,57.6517614
0.000336121,57.76682167
0.000336882,57.88188193
0.000337642,57.9969422
0.000338403,58.11200246
0.000339163,58.22706273
0.000339924,58.34212299
0.000340684,58.45718326
0.000341445,58.57224352
0.000342205,58.68730379
0.000342965,58.80236405
0.000343726,58.91742432
0.000344486,59.03248458
0.000345247,59.14754485
0.000346007,59.26260511
0.000346768,59.37766538
0.000347528,59.49272564
0.000348289,59.60778591
0.000349049,59.72284617
0.00034981,59.83790644
0.00035057,59.9529667
0.000351331,60.06802697
0.000352091,60.18308723
0.000352852,60.2981475
0.000353612,60.41320776
0.000354372,60.49947559
0.000355133,60.58574342
0.000355893,60.67201125
0.000356654,60.75827908
0.000357414,60.84454691
0.000358175,60.93081474
0.000358935,61.01708257
0.000359696,61.1033504
0.000360456,61.18961823
0.000361217,61.27588606
0.000361977,61.36215389
0.000362738,61.44842172
0.000363498,61.53468955
0.000364259,61.62095738
0.000365019,61.70722521
0.000365779,61.79349303
0.00036654,61.87976086
0.0003673,61.96602869
0.000368061,62.05229652
0.000368821,62.13856435
0.000369582,62.22483218
0.000370342,62.31110001
0.000371103,62.39736784
0.000371863,62.48363567
0.000372624,62.5699035
0.000373384,62.65617133
0.000374145,62.74243916
0.000374905,62.82870699
0.000375666,62.91497482
0.000376426,63.00124265
0.000377186,63.14509535
0.000377947,63.28894805
0.000378707,63.43280075
0.000379468,63.57665345
0.000380228,63.72050615
0.000380989,63.86435885
0.000381749,64.00821155
0.00038251,64.15206426
0.00038327,64.29591696
0.000384031,64.43976966
0.000384791,64.58362236
0.000385552,64.72747506
0.000386312,64.87132776
0.000387073,65.01518046
0.000387833,65.15903316
0.000388593,65.30288586
0.000389354,65.44673856
0.000390114,65.59059126
0.000390875,65.73444396
0.000391635,65.87829666
0.000392396,66.02214936
0.000393156,66.16600206
0.000393917,66.30985477
0.000394677,66.45370747
0.000395438,66.59756017
0.000396198,66.74141287
0.000396959,66.88526557
0.000397719,67.02911827
0.00039848,67.17297097
0.00039924,67.31682367
0.00039962,67.43193867
0.0004,67.54705368
0.000400381,67.66216868
0.000400761,67.77728368
0.000401141,67.89239869
0.000401521,68.00751369
0.000401901,68.12262869
0.000402282,68.2377437
0.000402662,68.3528587
0.000403042,68.4679737
0.000403422,68.58308871
0.000403802,68.69820371
0.000404183,68.81331871
0.000404563,68.92843372
0.000404943,69.04354872
0.000405323,69.15866372
0.000405703,69.27377873
0.000406084,69.38889373
0.000406464,69.50400873
0.000406844,69.61912374
0.000407224,69.73423874
0.000407604,69.84935374
0.000407985,69.96446875
0.000408365,70.07958375
0.000408745,70.19469875
0.000409125,70.30981376
0.000409505,70.42492876
0.000409886,70.54004376
0.000410266,70.65515877
0.000410646,70.77027377
0.000411787,70.91407173
0.000412927,71.05786969
0.000414068,71.20166766
0.000415209,71.34546562
0.00041635,71.48926358
0.00041749,71.63306154
0.000418631,71.7768595
0.000419772,71.92065747
0.000420912,72.06445543
0.000422053,72.20825339
0.000423194,72.35205135
0.000424334,72.49584931
0.000425475,72.63964728
0.000426616,72.78344524
0.000427757,72.9272432
0.000428897,73.07104116
0.000430038,73.21483912
0.000431179,73.35863709
0.000432319,73.50243505
0.00043346,73.64623301
0.000434601,73.79003097
0.000435741,73.93382893
0.000436882,74.0776269
0.000438023,74.22142486
0.000439164,74.36522282
0.000440304,74.50902078
0.000441445,74.65281874
0.000442586,74.79661671
0.000443726,74.94041467
0.000444867,75.08421263
0.000445247,75.18493142
0.000445627,75.2856502
0.000446008,75.38636899
0.000446388,75.48708777
0.000446768,75.58780656
0.000447148,75.68852535
0.000447529,75.78924413
0.000447909,75.88996292
0.000448289,75.9906817
0.000448669,76.09140049
0.00044905,76.19211928
0.00044943,76.29283806
0.00044981,76.39355685
0.00045019,76.49427563
0.000450571,76.59499442
0.000450951,76.69571321
0.000451331,76.79643199
0.000451711,76.89715078
0.000452091,76.99786956
0.000452472,77.09858835
0.000452852,77.19930714
0.000453232,77.30002592
0.000453612,77.40074471
0.000453993,77.50146349
0.000454373,77.60218228
0.000454753,77.70290107
0.000455133,77.80361985
0.000455514,77.90433864
0.000455894,78.00505742
0.000456274,78.10577621
0.000457034,78.20644026
0.000457795,78.3071043
0.000458555,78.40776835
0.000459316,78.5084324
0.000460076,78.60909645
0.000460837,78.70976049
0.000461597,78.81042454
0.000462357,78.91108859
0.000463118,79.01175264
0.000463878,79.11241668
0.000464639,79.21308073
0.000465399,79.31374478
0.00046616,79.41440883
0.00046692,79.51507287
0.000467681,79.61573692
0.000468441,79.71640097
0.000469201,79.81706501
0.000469962,79.91772906
0.000470722,80.01839311
0.000471483,80.11905716
0.000472243,80.2197212
0.000473004,80.32038525
0.000473764,80.4210493
0.000474524,80.52171335
0.000475285,80.62237739
0.000476045,80.72304144
0.000476806,80.82370549
0.000477566,80.92436954
0.000478327,81.02503358
0.000479087,81.12569763
0.000479847,81.2407579
0.000480608,81.35581816
0.000481368,81.47087843
0.000482129,81.58593869
0.000482889,81.70099896
0.00048365,81.81605922
0.00048441,81.93111949
0.000485171,82.04617975
0.000485931,82.16124002
0.000486692,82.27630028
0.000487452,82.39136055
0.000488213,82.50642081
0.000488973,82.62148108
0.000489734,82.73654134
0.000490494,82.85160161
0.000491254,82.96666187
0.000492015,83.08172213
0.000492775,83.1967824
0.000493536,83.31184267
0.000494296,83.42690293
0.000495057,83.5419632
0.000495817,83.65702346
0.000496578,83.77208373
0.000497338,83.88714399
0.000498099,84.00220426
0.000498859,84.11726452
0.00049962,84.23232478
0.00050038,84.34738505
0.000501141,84.46244532
0.000501901,84.57750558
0.000502281,84.67822437
0.000502661,84.77894315
0.000503042,84.87966194
0.000503422,84.98038072
0.000503802,85.08109951
0.000504182,85.18181829
0.000504563,85.28253708
0.000504943,85.38325587
0.000505323,85.48397465
0.000505703,85.58469344
0.000506084,85.68541222
0.000506464,85.78613101
0.000506844,85.88684979
0.000507224,85.98756858
0.000507605,86.08828737
0.000507985,86.18900615
0.000508365,86.28972494
0.000508745,86.39044372
0.000509125,86.49116251
0.000509506,86.59188129
0.000509886,86.69260008
0.000510266,86.79331886
0.000510646,86.89403765
0.000511027,86.99475644
0.000511407,87.09547522
0.000511787,87.19619401
0.000512167,87.29691279
0.000512548,87.39763158
0.000512928,87.49835036
0.000513308,87.59906915
0.000514068,87.68533698
0.000514829,87.77160481
0.000515589,87.85787264
0.00051635,87.94414047
0.00051711,88.0304083
0.000517871,88.11667613
0.000518631,88.20294396
0.000519392,88.28921179
0.000520152,88.37547962
0.000520913,88.46174745
0.000521673,88.54801528
0.000522434,88.63428311
0.000523194,88.72055094
0.000523955,88.80681877
0.000524715,88.8930866
0.000525475,88.97935442
0.000526236,89.06562225
0.000526996,89.15189008
0.000527757,89.23815791
0.000528517,89.32442574
0.000529278,89.41069357
0.000530038,89.4969614
0.000530799,89.58322923
0.000531559,89.66949706
0.00053232,89.75576489
0.00053308,89.84203272
0.000533841,89.92830055
0.000534601,90.01456838
0.000535362,90.10083621
0.000536122,90.18710404
0.000536882,90.31656052
0.000537643,90.44601701
0.000538403,90.57547349
0.000539164,90.70492997
0.000539924,90.83438645
0.000540685,90.96384294
0.000541445,91.09329942
0.000542205,91.2227559
0.000542966,91.35221238
0.000543726,91.48166887
0.000544487,91.61112535
0.000545247,91.74058183
0.000546008,91.87003831
0.000546768,91.9994948
0.000547529,92.12895128
0.000548289,92.25840776
0.000549049,92.38786425
0.00054981,92.51732073
0.00055057,92.64677721
0.000551331,92.77623369
0.000552091,92.90569018
0.000552852,93.03514666
0.000553612,93.16460314
0.000554372,93.29405962
0.000555133,93.42351611
0.000555893,93.55297259
0.000556654,93.68242907
0.000557414,93.81188555
0.000558175,93.94134204
0.000558935,94.07079852
0.000559695,94.17146257
0.000560456,94.27212661
0.000561216,94.37279066
0.000561977,94.47345471
0.000562737,94.57411876
0.000563498,94.6747828
0.000564258,94.77544685
0.000565019,94.8761109
0.000565779,94.97677495
0.00056654,95.07743899
0.0005673,95.17810304
0.000568061,95.27876709
0.000568821,95.37943114
0.000569582,95.48009518
0.000570342,95.58075923
0.000571102,95.68142328
0.000571863,95.78208732
0.000572623,95.88275137
0.000573384,95.98341542
0.000574144,96.08407947
0.000574905,96.18474351
0.000575665,96.28540756
0.000576426,96.38607161
0.000577186,96.48673566
0.000577947,96.5873997
0.000578707,96.68806375
0.000579468,96.7887278
0.000580228,96.88939185
0.000580989,96.99005589
0.000581749,97.09071994
0.000582129,97.19143873
0.000582509,97.29215751
0.00058289,97.3928763
0.00058327,97.49359508
0.00058365,97.59431387
0.00058403,97.69503265
0.000584411,97.79575144
0.000584791,97.89647022
0.000585171,97.99718901
0.000585551,98.09790779
0.000585932,98.19862658
0.000586312,98.29934536
0.000586692,98.40006415
0.000587072,98.50078293
0.000587453,98.60150172
0.000587833,98.70222051
0.000588213,98.80293929
0.000588593,98.90365808
0.000588973,99.00437686
0.000589354,99.10509565
0.000589734,99.20581443
0.000590114,99.30653322
0.000590494,99.407252
0.000590875,99.50797079
0.000591255,99.60868957
0.000591635,99.70940836
0.000592015,99.81012714
0.000592396,99.91084593
0.000592776,100.0115647
0.000593156,100.1122835
0.000593536,100.1986061
0.000593916,100.2849286
0.000594297,100.3712512
0.000594677,100.4575738
0.000595057,100.5438964
0.000595437,100.6302189
0.000595818,100.7165415
0.000596198,100.8028641
0.000596578,100.8891866
0.000596958,100.9755092
0.000597339,101.0618318
0.000597719,101.1481543
0.000598099,101.2344769
0.000598479,101.3207995
0.000598859,101.4071221
0.00059924,101.4934446
0.00059962,101.5797672
0.0006,101.6660898
0.00060038,101.7524123
0.000600761,101.8387349
0.000601141,101.9250575
0.000601521,102.01138
0.000601901,102.0977026
0.000602282,102.1840252
0.000602662,102.2703478
0.000603042,102.3566703
0.000603422,102.4429929
0.000603803,102.5293155
0.000604183,102.615638
0.000604563,102.7019606
0.000604943,102.773887
0.000605323,102.8458133
0.000605704,102.9177397
0.000606084,102.989666
0.000606464,103.0615924
0.000606844,103.1335187
0.000607225,103.2054451
0.000607605,103.2773714
0.000607985,103.3492978
0.000608365,103.4212241
0.000608746,103.4931505
0.000609126,103.5650768
0.000609506,103.6370032
0.000609886,103.7089295
0.000610267,103.7808559
0.000610647,103.8527822
0.000611027,103.9247086
0.000611407,103.9966349
0.000611787,104.0685613
0.000612168,104.1404876
0.000612548,104.212414
0.000612928,104.2843403
0.000613308,104.3562667
0.000613689,104.428193
0.000614069,104.5001194
0.000614449,104.5720457
0.000614829,104.6439721
0.00061521,104.7158984
0.00061559,104.7878248
0.00061597,104.8597511
0.00061673,104.9748114
0.000617491,105.0898716
0.000618251,105.2049319
0.000619012,105.3199922
0.000619772,105.4350524
0.000620533,105.5501127
0.000621293,105.6651729
0.000622053,105.7802332
0.000622814,105.8952935
0.000623574,106.0103537
0.000624335,106.125414
0.000625095,106.2404743
0.000625856,106.3555345
0.000626616,106.4705948
0.000627377,106.5856551
0.000628137,106.7007153
0.000628897,106.8157756
0.000629658,106.9308358
0.000630418,107.0458961
0.000631179,107.1609564
0.000631939,107.2760166
0.0006327,107.3910769
0.00063346,107.5061372
0.00063422,107.6211974
0.000634981,107.7362577
0.000635741,107.8513179
0.000636502,107.9663782
0.000637262,108.0814385
0.000638023,108.1964987
0.000638783,108.311559
0.000639543,108.3978268
0.000640304,108.4840947
0.000641064,108.5703625
0.000641825,108.6566303
0.000642585,108.7428982
0.000643346,108.829166
0.000644106,108.9154338
0.000644867,109.0017016
0.000645627,109.0879695
0.000646388,109.1742373
0.000647148,109.2605051
0.000647909,109.346773
0.000648669,109.4330408
0.00064943,109.5193086
0.00065019,109.6055765
0.00065095,109.6918443
0.000651711,109.7781121
0.000652471,109.8643799
0.000653232,109.9506478
0.000653992,110.0369156
0.000654753,110.1231834
0.000655513,110.2094513
0.000656274,110.2957191
0.000657034,110.3819869
0.000657795,110.4682548
0.000658555,110.5545226
0.000659316,110.6407904
0.000660076,110.7270582
0.000660837,110.8133261
0.000661597,110.8995939
0.000662357,110.9858617
0.000663118,111.0721296
0.000663878,111.1583974
0.000664639,111.2446652
0.000665399,111.3309331
0.00066616,111.4172009
0.00066692,111.5034687
0.000667681,111.5897365
0.000668441,111.6760044
0.000669202,111.7622722
0.000669962,111.84854
0.000670723,111.9348079
0.000671483,112.0210757
0.000672244,112.1073435
0.000673004,112.1936114
0.000673764,112.2798792
0.000674525,112.366147
0.000675285,112.4524148
0.000676046,112.5386827
0.000676806,112.6249505
0.000677567,112.7112183
0.000678327,112.7974862
0.000679088,112.883754
0.000679848,112.9700218
0.000680609,113.0562897
0.000681369,113.1425575
0.00068213,113.2288253
0.00068289,113.3150931
0.000683651,113.401361
0.000684411,113.4876288
0.000685171,113.5595004
0.000685932,113.631372
0.000686692,113.7032436
0.000687453,113.7751152
0.000688213,113.8469869
0.000688974,113.9188585
0.000689734,113.9907301
0.000690494,114.0626017
0.000691255,114.1344733
0.000692015,114.2063449
0.000692776,114.2782165
0.000693536,114.3500881
0.000694297,114.4219597
0.000695057,114.4938313
0.000695818,114.565703
0.000696578,114.6375746
0.000697338,114.7094462
0.000698099,114.7813178
0.000698859,114.8531894
0.00069962,114.925061
0.00070038,114.9969326
0.000701141,115.0688042
0.000701901,115.1406758
0.000702661,115.2125474
0.000703422,115.2844191
0.000704182,115.3562907
0.000704943,115.4281623
0.000705703,115.5000339
0.000706464,115.5719055
0.000707224,115.6437771
0.000707984,115.7156487
0.000708745,115.7875203
0.000709505,115.8593919
0.000710266,115.9312636
0.000711026,116.0031352
0.000711787,116.0750068
0.000712547,116.1468784
0.000713308,116.21875
0.000714068,116.2906216
0.000714829,116.3624932
0.000715589,116.4343648
0.00071635,116.5062365
0.00071711,116.5781081
0.000717871,116.6499797
0.000718631,116.7218513
0.000719391,116.7937229
0.000720152,116.8655945
0.000720912,116.9374661
0.000721673,117.0093378
0.000722433,117.0812094
0.000723194,117.153081
0.000723954,117.2249526
0.000724715,117.2968242
0.000725475,117.3686958
0.000726236,117.4405674
0.000726996,117.512439
0.000727757,117.5843107
0.000728517,117.6561823
0.000729278,117.7280539
0.000730038,117.7999255
0.000730798,117.8717971
0.000731559,117.9436687
0.000732319,118.0155403
0.00073308,118.0874119
0.00073384,118.1592836
0.000734601,118.2311552
0.000735361,118.3030268
0.000736122,118.3748984
0.000736882,118.44677
0.000737643,118.5186416
0.000738403,118.5905132
0.000739164,118.6623848
0.000739924,118.7342564
0.000740685,118.806128
0.000741445,118.8779996
0.000742205,118.9498713
0.000742966,119.0217429
0.000743726,119.0936145
0.000744487,119.1654861
0.000745247,119.2373577
0.000746008,119.3092293
0.000746768,119.3811009
0.000747529,119.4529725
0.000748289,119.5248441
0.00074905,119.5967158
0.00074981,119.6685874
0.000750571,119.740459
0.000751331,119.8123306
0.000752092,119.8842022
0.000752852,119.9560738
0.000753993,120.0278907
0.000755133,120.0997075
0.000756274,120.1715244
0.000757415,120.2433413
0.000758555,120.3151582
0.000759696,120.386975
0.000760837,120.4587919
0.000761977,120.5306088
0.000763118,120.6024257
0.000764259,120.6742425
0.000765399,120.7460594
0.00076654,120.8178763
0.000767681,120.8896932
0.000768821,120.96151
0.000769962,121.0333269
0.000771103,121.1051438
0.000772243,121.1769606
0.000773384,121.2487775
0.000774525,121.3205944
0.000775665,121.3924113
0.000776806,121.4642281
0.000777947,121.536045
0.000779087,121.6078619
0.000780228,121.6796788
0.000781369,121.7514956
0.000782509,121.8233125
0.00078365,121.8951294
0.000784791,121.9669463
0.000785931,122.0387631
0.000787072,122.11058
0.000788213,122.1823969
0.000789353,122.2542137
0.000790494,122.3260306
0.000791635,122.3978475
0.000792776,122.4696644
0.000793916,122.5414812
0.000795057,122.6132981
0.000796198,122.685115
0.000797338,122.7569319
0.000798479,122.8287487
0.00079962,122.9005656
0.00080076,122.9723825
0.000801901,123.0441994
0.000803042,123.1160162
0.000804183,123.1878331
0.000805323,123.25965
0.000806464,123.3314668
0.000807605,123.4032837
0.000808745,123.4751006
0.000809886,123.5469175
0.000811027,123.6187343
0.000812167,123.6905512
0.000813308,123.7623681
0.000814449,123.834185
0.00081559,123.9060018
0.00081673,123.9778187
0.000817871,124.0496356
0.000819012,124.1214525
0.000820152,124.1932693
0.000821293,124.2650862
0.000822434,124.3369031
0.000823574,124.4087199
0.000824715,124.4805368
0.000825856,124.5523537
0.000826996,124.6241706
0.000828137,124.6959874
0.000829278,124.7678043
0.000830418,124.8396212
0.000831559,124.9114381
0.0008327,124.9832549
0.00083384,125.0550718
0.000834981,125.1268887
0.000836122,125.1987056
0.000837262,125.2705224
0.000838403,125.3423393
0.000839544,125.4141562
0.000840684,125.485973
0.000841825,125.5577899
0.000842966,125.6296068
0.000844106,125.7014237
0.000845247,125.7732405
0.000846388,125.8450574
0.000847528,125.9168743
0.000848669,125.9886912
0.00084981,126.060508
0.00085095,126.1323249
0.000852091,126.2041418
0.000853232,126.2759587
0.000854372,126.3477755
0.000855513,126.4195924
0.000856654,126.4626168
0.000857794,126.5056413
0.000858935,126.5486657
0.000860076,126.5916902
0.000861217,126.6347146
0.000862357,126.677739
0.000863498,126.7207635
0.000864639,126.7637879
0.000865779,126.8068124
0.00086692,126.8498368
0.000868061,126.8928612
0.000869201,126.9358857
0.000870342,126.9789101
0.000871483,127.0219346
0.000872624,127.064959
0.000873764,127.1079834
0.000874905,127.1510079
0.000876046,127.1940323
0.000877186,127.2370568
0.000878327,127.2800812
0.000879468,127.3231056
0.000880608,127.3661301
0.000881749,127.4091545
0.00088289,127.452179
0.000884031,127.4952034
0.000885171,127.5382278
0.000886312,127.5812523
0.000887453,127.6242767
0.000888593,127.6673012
0.000889734,127.7103256
0.000890494,127.767801
0.000891255,127.8252764
0.000892015,127.8827518
0.000892776,127.9402272
0.000893536,127.9977026
0.000894297,128.055178
0.000895057,128.1126534
0.000895818,128.1701287
0.000896578,128.2276041
0.000897339,128.2850795
0.000898099,128.3425549
0.00089886,128.4000303
0.00089962,128.4575057
0.000900381,128.5149811
0.000901141,128.5724565
0.000901901,128.6299319
0.000902662,128.6874073
0.000903422,128.7448827
0.000904183,128.8023581
0.000904943,128.8598335
0.000905704,128.9173089
0.000906464,128.9747843
0.000907225,129.0322596
0.000907985,129.089735
0.000908746,129.1472104
0.000909506,129.2046858
0.000910267,129.2621612
0.000911027,129.3196366
0.000911788,129.377112
0.000912548,129.4345874
0.000913689,129.4920081
0.000914829,129.5494287
0.00091597,129.6068494
0.000917111,129.66427
0.000918251,129.7216907
0.000919392,129.7791113
0.000920533,129.836532
0.000921673,129.8939527
0.000922814,129.9513733
0.000923955,130.008794
0.000925095,130.0662146
0.000926236,130.1236353
0.000927377,130.1810559
0.000928517,130.2384766
0.000929658,130.2958973
0.000930799,130.3533179
0.000931939,130.4107386
0.00093308,130.4681592
0.000934221,130.5255799
0.000935361,130.5830005
0.000936502,130.6404212
0.000937643,130.6978418
0.000938783,130.7552625
0.000939924,130.8126832
0.000941065,130.8701038
0.000942205,130.9275245
0.000943346,130.9849451
0.000944487,131.0423658
0.000945627,131.0997864
0.000946768,131.1572071
0.000948289,131.2289692
0.00094981,131.3007314
0.000951331,131.3724935
0.000952852,131.4442556
0.000954372,131.5160178
0.000955893,131.5877799
0.000957414,131.659542
0.000958935,131.7313042
0.000960456,131.8030663
0.000961977,131.8748284
0.000963498,131.9465906
0.000965019,132.0183527
0.00096654,132.0901148
0.000968061,132.161877
0.000969582,132.2336391
0.000971102,132.3054012
0.000972623,132.3771634
0.000974144,132.4489255
0.000975665,132.5206876
0.000977186,132.5924498
0.000978707,132.6642119
0.000980228,132.735974
0.000981749,132.8077362
0.00098327,132.8794983
0.000984791,132.9512604
0.000986311,133.0230226
0.000987832,133.0947847
0.000989353,133.1665468
0.000990874,133.238309
0.000992395,133.3100711
0.000993916,133.3818332
0.000995437,133.4535954
0.000996958,133.5253575
0.000998479,133.5971196
0.001,133.6688818
0.001001521,133.7406439
0.001003042,133.8124061
0.001004562,133.8841682
0.001006083,133.9559303
0.001007604,134.0276925
0.001009125,134.0994546
0.001010646,134.1712167
0.001012167,134.2429789
0.001013688,134.314741
0.001015209,134.3865032
0.00101673,134.4582653
0.001018251,134.5300274
0.001019772,134.6017896
0.001021293,134.6735517
0.001022814,134.7453138
0.001024335,134.817076
0.001025856,134.8888381
0.001027376,134.9606002
0.001028897,135.0323624
0.001030418,135.1041245
0.001031939,135.1758867
0.00103346,135.2476488
0.001034981,135.3194109
0.001036502,135.3911731
0.001038023,135.4629352
0.001039164,135.5203559
0.001040304,135.5777765
0.001041445,135.6351972
0.001042586,135.6926178
0.001043726,135.7500385
0.001044867,135.8074591
0.001046008,135.8648798
0.001047148,135.9223004
0.001048289,135.9797211
0.00104943,136.0371417
0.00105057,136.0945624
0.001051711,136.151983
0.001052852,136.2094037
0.001053992,136.2668243
0.001055133,136.324245
0.001056274,136.3816657
0.001057414,136.4390863
0.001058555,136.496507
0.001059696,136.5539276
0.001060836,136.6113483
0.001061977,136.6687689
0.001063118,136.7261896
0.001064258,136.7836102
0.001065399,136.8410309
0.00106654,136.8984515
0.00106768,136.9558722
0.001068821,137.0132928
0.001069962,137.0707135
0.001071102,137.1281341
0.001072243,137.1855548
0.001073764,137.2285245
0.001075285,137.2714942
0.001076806,137.3144639
0.001078327,137.3574336
0.001079848,137.4004033
0.001081369,137.443373
0.00108289,137.4863427
0.00108441,137.5293124
0.001085931,137.5722821
0.001087452,137.6152518
0.001088973,137.6582215
0.001090494,137.7011912
0.001092015,137.7441609
0.001093536,137.7871306
0.001095057,137.8301003
0.001096578,137.87307
0.001098099,137.9160397
0.00109962,137.9590094
0.001101141,138.0019791
0.001102662,138.0449488
0.001104183,138.0879185
0.001105704,138.1308882
0.001107224,138.1738579
0.001108745,138.2168276
0.001110266,138.2597973
0.001111787,138.302767
0.001113308,138.3457367
0.001114829,138.3887064
0.00111635,138.4316761
0.001117871,138.4746458
0.001119392,138.5464079
0.001120913,138.6181701
0.001122434,138.6899322
0.001123955,138.7616943
0.001125476,138.8334565
0.001126996,138.9052186
0.001128517,138.9769808
0.001130038,139.0487429
0.001131559,139.120505
0.00113308,139.1922672
0.001134601,139.2640293
0.001136122,139.3357914
0.001137643,139.4075536
0.001139164,139.4793157
0.001140685,139.5510779
0.001142205,139.62284
0.001143726,139.6946021
0.001145247,139.7663643
0.001146768,139.8381264
0.001148289,139.9098885
0.00114981,139.9816507
0.001151331,140.0534128
0.001152852,140.1251749
0.001154373,140.1969371
0.001155894,140.2686992
0.001157414,140.3404614
0.001158935,140.4122235
0.001160456,140.4839856
0.001161977,140.5557478
0.001163498,140.6275099
0.001165019,140.6704796
0.00116654,140.7134493
0.001168061,140.756419
0.001169582,140.7993887
0.001171103,140.8423584
0.001172623,140.8853281
0.001174144,140.9282978
0.001175665,140.9712675
0.001177186,141.0142372
0.001178707,141.0572069
0.001180228,141.1001766
0.001181749,141.1431463
0.00118327,141.186116
0.001184791,141.2290857
0.001186312,141.2720554
0.001187832,141.315025
0.001189353,141.3579947
0.001190874,141.4009644
0.001192395,141.4439341
0.001193916,141.4869038
0.001195437,141.5298735
0.001196958,141.5728432
0.001198479,141.6158129
0.0012,141.6587826
0.001201521,141.7017523
0.001203041,141.744722
0.001204562,141.7876917
0.001206083,141.8306614
0.001207604,141.8736311
0.001209125,141.9166008
0.001210266,141.9596252
0.001211406,142.0026497
0.001212547,142.0456741
0.001213688,142.0886986
0.001214829,142.131723
0.001215969,142.1747474
0.00121711,142.2177719
0.001218251,142.2607963
0.001219391,142.3038208
0.001220532,142.3468452
0.001221673,142.3898696
0.001222813,142.4328941
0.001223954,142.4759185
0.001225095,142.518943
0.001226236,142.5619674
0.001227376,142.6049918
0.001228517,142.6480163
0.001229658,142.6910407
0.001230798,142.7340652
0.001231939,142.7770896
0.00123308,142.820114
0.00123422,142.8631385
0.001235361,142.9061629
0.001236502,142.9491874
0.001237643,142.9922118
0.001238783,143.0352362
0.001239924,143.0782607
0.001241065,143.1212851
0.001242205,143.1643096
0.001243346,143.207334
0.001244487,143.2503584
0.001245627,143.2933829
0.001246768,143.3364073
0.001247909,143.3794317
0.00124905,143.4224562
0.00125019,143.4654806
0.001251331,143.5085051
0.001252472,143.5515295
0.001253612,143.5945539
0.001254753,143.6375784
0.001255894,143.6806028
0.001257034,143.7236272
0.001258175,143.7666517
0.001259316,143.8096761
0.001260457,143.8527006
0.001261597,143.895725
0.001262738,143.9387494
0.001263879,143.9817739
0.001265019,144.0247983
0.00126616,144.0678227
0.001267301,144.1108472
0.001268441,144.1538716
0.001269582,144.196896
0.001270723,144.2399205
0.001271864,144.2829449
0.001273004,144.3259694
0.001274145,144.3689938
0.001275286,144.4120182
0.001276426,144.4550427
0.001277567,144.4980671
0.001279088,144.5410368
0.001280609,144.5840065
0.00128213,144.6269762
0.001283651,144.6699459
0.001285172,144.7129156
0.001286692,144.7558853
0.001288213,144.798855
0.001289734,144.8418247
0.001291255,144.8847944
0.001292776,144.9277641
0.001294297,144.9707338
0.001295818,145.0137035
0.001297339,145.0566732
0.00129886,145.0996429
0.001300381,145.1426126
0.001301901,145.1855823
0.001303422,145.228552
0.001304943,145.2715217
0.001306464,145.3144914
0.001307985,145.3574611
0.001309506,145.4004308
0.001311027,145.4434005
0.001312548,145.4863702
0.001314069,145.5293399
0.00131559,145.5723096
0.00131711,145.6152793
0.001318631,145.658249
0.001320152,145.7012187
0.001321673,145.7441884
0.001323194,145.7871581
0.001325095,145.8300731
0.001326996,145.872988
0.001328897,145.915903
0.001330799,145.9588179
0.0013327,146.0017329
0.001334601,146.0446479
0.001336502,146.0875628
0.001338403,146.1304778
0.001340304,146.1733927
0.001342205,146.2163077
0.001344106,146.2592227
0.001346008,146.3021376
0.001347909,146.3450526
0.00134981,146.3879675
0.001351711,146.4308825
0.001353612,146.4737975
0.001355513,146.5167124
0.001357414,146.5596274
0.001359316,146.6025423
0.001361217,146.6454573
0.001363118,146.6883723
0.001365019,146.7312872
0.00136692,146.7742022
0.001368821,146.8171171
0.001370722,146.8600321
0.001372623,146.9029471
0.001374525,146.945862
0.001376426,146.988777
0.001378327,147.0316919
0.001380228,147.0746069
0.001382129,147.1319181
0.00138403,147.1892293
0.001385931,147.2465404
0.001387833,147.3038516
0.001389734,147.3611628
0.001391635,147.418474
0.001393536,147.4757852
0.001395437,147.5330963
0.001397338,147.5904075
0.001399239,147.6477187
0.00140114,147.7050299
0.001403042,147.7623411
0.001404943,147.8196522
0.001406844,147.8769634
0.001408745,147.9342746
0.001410646,147.9915858
0.001412547,148.048897
0.001414448,148.1062081
0.00141635,148.1635193
0.001418251,148.2208305
0.001420152,148.2781417
0.001422053,148.3354529
0.001423954,148.392764
0.001425855,148.4500752
0.001427756,148.5073864
0.001429657,148.5646976
0.001431559,148.6220088
0.00143346,148.6793199
0.001435361,148.7366311
0.001437262,148.7939423
0.001438783,148.8225158
0.001440304,148.8510893
0.001441825,148.8796627
0.001443346,148.9082362
0.001444867,148.9368097
0.001446388,148.9653832
0.001447909,148.9939567
0.001449429,149.0225301
0.00145095,149.0511036
0.001452471,149.0796771
0.001453992,149.1082506
0.001455513,149.1368241
0.001457034,149.1653975
0.001458555,149.193971
0.001460076,149.2225445
0.001461597,149.251118
0.001463118,149.2796915
0.001464639,149.3082649
0.00146616,149.3368384
0.001467681,149.3654119
0.001469202,149.3939854
0.001470723,149.4225589
0.001472243,149.4511323
0.001473764,149.4797058
0.001475285,149.5082793
0.001476806,149.5368528
0.001478327,149.5654263
0.001479848,149.5939997
0.001481369,149.6225732
0.00148289,149.6511467
0.001484411,149.6797202
0.001485932,149.7082937
0.001487453,149.7368672
0.001488974,149.7654406
0.001490495,149.7940141
0.001492015,149.8225876
0.001493536,149.8511611
0.001495057,149.8797346
0.001496578,149.9083081
0.001498099,149.9368815
0.00149962,149.965455
0.001501141,149.9940285
0.001502662,150.022602
0.001504183,150.0511755
0.001505704,150.079749
0.001507224,150.1083224
0.001508745,150.1368959
0.001510266,150.1654694
0.001511787,150.1940429
0.001513308,150.2226164
0.001514829,150.2511899
0.00151635,150.2797633
0.001517871,150.3083368
0.001519392,150.3369103
0.001520913,150.3654838
0.001522433,150.3940573
0.001523954,150.4226308
0.001525475,150.4512042
0.001526996,150.4797777
0.001528517,150.5083512
0.001529658,150.5513756
0.001530798,150.5944001
0.001531939,150.6374245
0.00153308,150.6804489
0.001534221,150.7234734
0.001535361,150.7664978
0.001536502,150.8095223
0.001537643,150.8525467
0.001538783,150.8955711
0.001539924,150.9385956
0.001541065,150.98162
0.001542205,151.0246444
0.001543346,151.0676689
0.001544487,151.1106933
0.001545628,151.1537178
0.001546768,151.1967422
0.001547909,151.2397666
0.00154905,151.2827911
0.00155019,151.3258155
0.001551331,151.3688399
0.001552472,151.4118644
0.001553612,151.4548888
0.001554753,151.4979132
0.001555894,151.5409377
0.001557034,151.5839621
0.001558175,151.6269866
0.001559316,151.670011
0.001560457,151.7130354
0.001561597,151.7560599
0.001562738,151.7990843
0.001564259,151.8276578
0.00156578,151.8562313
0.001567301,151.8848048
0.001568822,151.9133782
0.001570343,151.9419517
0.001571863,151.9705252
0.001573384,151.9990987
0.001574905,152.0276722
0.001576426,152.0562457
0.001577947,152.0848191
0.001579468,152.1133926
0.001580989,152.1419661
0.00158251,152.1705396
0.001584031,152.1991131
0.001585551,152.2276866
0.001587072,152.25626
0.001588593,152.2848335
0.001590114,152.313407
0.001591635,152.3419805
0.001593156,152.370554
0.001594677,152.3991275
0.001596198,152.4277009
0.001597719,152.4562744
0.00159924,152.4848479
0.001600761,152.5134214
0.001602281,152.5419949
0.001603802,152.5705684
0.001605323,152.5991418
0.001606844,152.6277153
0.001608365,152.6562888
0.001609886,152.6848623
0.001611407,152.7134358
0.001612928,152.7420092
0.001614449,152.7705827
0.00161597,152.7991562
0.00161749,152.8277297
0.001619011,152.8563032
0.001620532,152.8848766
0.001622053,152.9134501
0.001623574,152.9420236
0.001625095,152.9705971
0.001626616,152.9991706
0.001628137,153.027744
0.001629658,153.0563175
0.001631179,153.084891
0.001632699,153.1134645
0.00163422,153.142038
0.001635741,153.1706114
0.001637262,153.1991849
0.001638783,153.2277584
0.001640304,153.2563319
0.001641825,153.2849054
0.001643346,153.3134788
0.001644867,153.3420523
0.001646388,153.3706258
0.001647908,153.3991993
0.001649429,153.4277728
0.00165095,153.4563462
0.001652471,153.4849197
0.001653992,153.5134932
0.001655893,153.5420119
0.001657794,153.5705307
0.001659696,153.5990494
0.001661597,153.6275682
0.001663498,153.6560869
0.001665399,153.6846057
0.0016673,153.7131244
0.001669201,153.7416431
0.001671103,153.7701619
0.001673004,153.7986806
0.001674905,153.8271994
0.001676806,153.8557181
0.001678707,153.8842369
0.001680608,153.9127556
0.00168251,153.9412744
0.001684411,153.9697931
0.001686312,153.9983118
0.001688213,154.0268306
0.001690114,154.0553493
0.001692015,154.0838681
0.001693917,154.1123868
0.001695818,154.1409056
0.001697719,154.1694243
0.00169962,154.197943
0.001701521,154.2264618
0.001703422,154.2549805
0.001705323,154.2834993
0.001707225,154.312018
0.001709126,154.3405368
0.001711027,154.3690555
0.001712548,154.397629
0.001714069,154.4262025
0.00171559,154.4547759
0.001717111,154.4833494
0.001718632,154.5119229
0.001720152,154.5404964
0.001721673,154.5690699
0.001723194,154.5976433
0.001724715,154.6262168
0.001726236,154.6547903
0.001727757,154.6833638
0.001729278,154.7119373
0.001730799,154.7405107
0.00173232,154.7690842
0.001733841,154.7976577
0.001735361,154.8262312
0.001736882,154.8548047
0.001738403,154.8833781
0.001739924,154.9119516
0.001741445,154.9405251
0.001742966,154.9690986
0.001744487,154.9976721
0.001746008,155.0262455
0.001747529,155.054819
0.00174905,155.0833925
0.00175057,155.111966
0.001752091,155.1405395
0.001753612,155.1691129
0.001755133,155.1976864
0.001756654,155.2262599
0.001758935,155.2547239
0.001761217,155.2831879
0.001763498,155.3116519
0.001765779,155.3401159
0.001768061,155.3685799
0.001770342,155.3970439
0.001772624,155.4255079
0.001774905,155.453972
0.001777186,155.482436
0.001779468,155.5109
0.001781749,155.539364
0.00178403,155.567828
0.001786312,155.596292
0.001788593,155.624756
0.001790875,155.65322
0.001793156,155.681684
0.001795437,155.710148
0.001797719,155.738612
0.0018,155.767076
0.001802281,155.79554
0.001804563,155.824004
0.001806844,155.852468
0.001809125,155.8809321
0.001811407,155.9093961
0.001813688,155.9378601
0.00181597,155.9663241
0.001818251,155.9947881
0.001820532,156.0232521
0.001822814,156.0517161
0.001825095,156.0801801
0.001826616,156.1087536
0.001828137,156.1373271
0.001829658,156.1659005
0.001831179,156.194474
0.0018327,156.2230475
0.00183422,156.251621
0.001835741,156.2801945
0.001837262,156.3087679
0.001838783,156.3373414
0.001840304,156.3659149
0.001841825,156.3944884
0.001843346,156.4230619
0.001844867,156.4516353
0.001846388,156.4802088
0.001847909,156.5087823
0.001849429,156.5373558
0.00185095,156.5659293
0.001852471,156.5945027
0.001853992,156.6230762
0.001855513,156.6516497
0.001857034,156.6802232
0.001858555,156.7087967
0.001860076,156.7373701
0.001861597,156.7659436
0.001863118,156.7945171
0.001864638,156.8230906
0.001866159,156.8516641
0.00186768,156.8802375
0.001869201,156.908811
0.001870722,156.9373845
0.001872623,156.9659032
0.001874524,156.994422
0.001876426,157.0229407
0.001878327,157.0514595
0.001880228,157.0799782
0.001882129,157.108497
0.00188403,157.1370157
0.001885931,157.1655344
0.001887833,157.1940532
0.001889734,157.2225719
0.001891635,157.2510907
0.001893536,157.2796094
0.001895437,157.3081282
0.001897338,157.3366469
0.00189924,157.3651657
0.001901141,157.3936844
0.001903042,157.4222031
0.001904943,157.4507219
0.001906844,157.4792406
0.001908745,157.5077594
0.001910647,157.5362781
0.001912548,157.5647969
0.001914449,157.5933156
0.00191635,157.6218343
0.001918251,157.6503531
0.001920152,157.6788718
0.001922054,157.7073906
0.001923955,157.7359093
0.001925856,157.7644281
0.001927757,157.7929468
0.001929658,157.8214655
0.001931559,157.8499843
0.00193346,157.878503
0.001935362,157.9070218
0.001937263,157.9355405
0.001939164,157.9640593
0.001941065,157.992578
0.001942966,158.0210967
0.001944867,158.0496155
0.001946768,158.0781342
0.001948669,158.106653
0.001950571,158.1351717
0.001952472,158.1636905
0.001954373,158.1922092
0.001956274,158.220728
0.001958175,158.2492467
0.001960076,158.2777654
0.001961977,158.3062842
0.001963879,158.3348029
0.00196578,158.3633217
0.001967681,158.3918404
0.001969582,158.4203592
0.001971483,158.4488779
0.001973384,158.4773966
0.001975285,158.5059154
0.001977186,158.5344341
0.001979088,158.5629529
0.001980989,158.5914716
0.00198289,158.6199904
0.001984791,158.6485091
0.001986312,158.6770826
0.001987833,158.7056561
0.001989354,158.7342296
0.001990875,158.762803
0.001992396,158.7913765
0.001993916,158.81995
0.001995437,158.8485235
0.001996958,158.877097
0.001998479,158.9056705
0.002,158.9342439
0.002001521,158.9628174
0.002003042,158.9913909
0.002004563,159.0199644
0.002006084,159.0485379
0.002007605,159.0771114
0.002009125,159.1056848
0.002010646,159.1342583
0.002012167,159.1628318
0.002013688,159.1914053
0.002015209,159.2199788
0.00201673,159.2485523
0.002018251,159.2771257
0.002019772,159.3056992
0.002021293,159.3342727
0.002022813,159.3628462
0.002024334,159.3914197
0.002025855,159.4199932
0.002027376,159.4485666
0.002028897,159.4771401
0.002030418,159.5057136
0.002032319,159.5198361
0.00203422,159.5339586
0.002036121,159.5480812
0.002038023,159.5622037
0.002039924,159.5763262
0.002041825,159.5904487
0.002043726,159.6045713
0.002045627,159.6186938
0.002047528,159.6328163
0.002049429,159.6469388
0.00205133,159.6610614
0.002053232,159.6751839
0.002055133,159.6893064
0.002057034,159.7034289
0.002058935,159.7175515
0.002060836,159.731674
0.002062737,159.7457965
0.002064638,159.759919
0.00206654,159.7740415
0.002068441,159.7881641
0.002070342,159.8022866
0.002072243,159.8164091
0.002074144,159.8305316
0.002076045,159.8446542
0.002077946,159.8587767
0.002079847,159.8728992
0.002081749,159.8870217
0.00208365,159.9011443
0.002085551,159.9152668
0.002087452,159.9293893
0.002089353,159.957908
0.002091254,159.9864268
0.002093156,160.0149455
0.002095057,160.0434643
0.002096958,160.071983
0.002098859,160.1005018
0.00210076,160.1290205
0.002102661,160.1575392
0.002104563,160.186058
0.002106464,160.2145767
0.002108365,160.2430955
0.002110266,160.2716142
0.002112167,160.300133
0.002114068,160.3286517
0.00211597,160.3571705
0.002117871,160.3856892
0.002119772,160.4142079
0.002121673,160.4427267
0.002123574,160.4712454
0.002125475,160.4997642
0.002127377,160.5282829
0.002129278,160.5568017
0.002131179,160.5853204
0.00213308,160.6138391
0.002134981,160.6423579
0.002136882,160.6708766
0.002138784,160.6993954
0.002140685,160.7279141
0.002142586,160.7564329
0.002144487,160.7849516
0.002146768,160.7990194
0.00214905,160.8130872
0.002151331,160.827155
0.002153612,160.8412227
0.002155894,160.8552905
0.002158175,160.8693583
0.002160457,160.8834261
0.002162738,160.8974939
0.002165019,160.9115617
0.002167301,160.9256295
0.002169582,160.9396973
0.002171863,160.953765
0.002174145,160.9678328
0.002176426,160.9819006
0.002178708,160.9959684
0.002180989,161.0100362
0.00218327,161.024104
0.002185552,161.0381718
0.002187833,161.0522395
0.002190114,161.0663073
0.002192396,161.0803751
0.002194677,161.0944429
0.002196958,161.1085107
0.00219924,161.1225785
0.002201521,161.1366463
0.002203803,161.1507141
0.002206084,161.1647818
0.002208365,161.1788496
0.002210647,161.1929174
0.002212928,161.2069852
0.002214829,161.2211077
0.00221673,161.2352303
0.002218631,161.2493528
0.002220533,161.2634753
0.002222434,161.2775978
0.002224335,161.2917204
0.002226236,161.3058429
0.002228137,161.3199654
0.002230038,161.3340879
0.002231939,161.3482105
0.00223384,161.362333
0.002235742,161.3764555
0.002237643,161.390578
0.002239544,161.4047006
0.002241445,161.4188231
0.002243346,161.4329456
0.002245247,161.4470682
0.002247148,161.4611907
0.00224905,161.4753132
0.002250951,161.4894357
0.002252852,161.5035583
0.002254753,161.5176808
0.002256654,161.5318033
0.002258555,161.5459258
0.002260456,161.5600484
0.002262357,161.5741709
0.002264259,161.5882934
0.00226616,161.6024159
0.002268061,161.6165385
0.002269962,161.630661
0.002271863,161.6447835
0.002273764,161.6589061
0.002275665,161.6730286
0.002277567,161.6871511
0.002279468,161.7012736
0.002281369,161.7153962
0.00228327,161.7295187
0.002285171,161.7436412
0.002287072,161.7577637
0.002288973,161.7718863
0.002290874,161.7860088
0.002292776,161.8001313
0.002294677,161.8142538
0.002296578,161.8283764
0.002298479,161.8424989
0.00230038,161.8566214
0.002302281,161.870744
0.002304182,161.8848665
0.002306084,161.898989
0.002307985,161.9131115
0.002309886,161.9272341
0.002311787,161.9413566
0.002313688,161.9554791
0.002315589,161.9696016
0.00231749,161.9837242
0.002319391,161.9978467
0.002321293,162.0119692
0.002323194,162.0260917
0.002325095,162.0402143
0.002326996,162.0543368
0.002329277,162.0828008
0.002331559,162.1112648
0.00233384,162.1397288
0.002336121,162.1681928
0.002338403,162.1966568
0.002340684,162.2251208
0.002342966,162.2535848
0.002345247,162.2820488
0.002347528,162.3105128
0.00234981,162.3389768
0.002352091,162.3674408
0.002354372,162.3959048
0.002356654,162.4243688
0.002358935,162.4528328
0.002361217,162.4812968
0.002363498,162.5097609
0.002365779,162.5382249
0.002368061,162.5666889
0.002370342,162.5951529
0.002372623,162.6236169
0.002374905,162.6520809
0.002377186,162.6805449
0.002379467,162.7090089
0.002381749,162.7374729
0.00238403,162.7659369
0.002386312,162.7944009
0.002388593,162.8228649
0.002390874,162.8513289
0.002393156,162.8797929
0.002395437,162.9082569
0.002397718,162.9223247
0.0024,162.9363925
0.002402281,162.9504603
0.002404562,162.964528
0.002406844,162.9785958
0.002409125,162.9926636
0.002411407,163.0067314
0.002413688,163.0207992
0.002415969,163.034867
0.002418251,163.0489348
0.002420532,163.0630026
0.002422813,163.0770703
0.002425095,163.0911381
0.002427376,163.1052059
0.002429657,163.1192737
0.002431939,163.1333415
0.00243422,163.1474093
0.002436502,163.1614771
0.002438783,163.1755448
0.002441064,163.1896126
0.002443346,163.2036804
0.002445627,163.2177482
0.002447908,163.231816
0.00245019,163.2458838
0.002452471,163.2599516
0.002454753,163.2740194
0.002457034,163.2880871
0.002459315,163.3021549
0.002461597,163.3162227
0.002463878,163.3302905
0.002466159,163.3587545
0.002468441,163.3872185
0.002470722,163.4156825
0.002473003,163.4441465
0.002475285,163.4726105
0.002477566,163.5010745
0.002479848,163.5295385
0.002482129,163.5580025
0.00248441,163.5864665
0.002486692,163.6149305
0.002488973,163.6433945
0.002491254,163.6718585
0.002493536,163.7003225
0.002495817,163.7287865
0.002498099,163.7572505
0.00250038,163.7857146
0.002502661,163.8141786
0.002504943,163.8426426
0.002507224,163.8711066
0.002509505,163.8995706
0.002511787,163.9280346
0.002514068,163.9564986
0.002516349,163.9849626
0.002518631,164.0134266
0.002520912,164.0418906
0.002523194,164.0703546
0.002525475,164.0988186
0.002527756,164.1272826
0.002530038,164.1557466
0.002532319,164.1842106
0.0025346,164.1982784
0.002536882,164.2123462
0.002539163,164.226414
0.002541444,164.2404818
0.002543726,164.2545496
0.002546007,164.2686173
0.002548289,164.2826851
0.00255057,164.2967529
0.002552851,164.3108207
0.002555133,164.3248885
0.002557414,164.3389563
0.002559695,164.3530241
0.002561977,164.3670919
0.002564258,164.3811597
0.00256654,164.3952275
0.002568821,164.4092952
0.002571102,164.423363
0.002573384,164.4374308
0.002575665,164.4514986
0.002577946,164.4655664
0.002580228,164.4796342
0.002582509,164.493702
0.00258479,164.5077698
0.002587072,164.5218376
0.002589353,164.5359053
0.002591635,164.5499731
0.002593916,164.5640409
0.002596197,164.5781087
0.002598479,164.5921765
0.00260076,164.6062443
0.002603802,164.6345988
0.002606844,164.6629534
0.002609886,164.6913079
0.002612927,164.7196624
0.002615969,164.7480169
0.002619011,164.7763715
0.002622053,164.804726
0.002625095,164.8330805
0.002628137,164.861435
0.002631178,164.8897896
0.00263422,164.9181441
0.002637262,164.9464986
0.002640304,164.9748531
0.002643346,165.0032077
0.002646387,165.0315622
0.002649429,165.0599167
0.002652471,165.0882713
0.002655513,165.1166258
0.002658555,165.1449803
0.002661597,165.1733348
0.002664639,165.2016894
0.00266768,165.2300439
0.002670722,165.2583984
0.002673764,165.2867529
0.002676806,165.3151075
0.002679848,165.343462
0.002682889,165.3718165
0.002685931,165.400171
0.002688973,165.4285256
0.002692015,165.4568801
0.002694677,165.4708931
0.002697338,165.4849062
0.0027,165.4989192
0.002702661,165.5129323
0.002705323,165.5269453
0.002707985,165.5409584
0.002710646,165.5549714
0.002713308,165.5689845
0.002715969,165.5829975
0.002718631,165.5970106
0.002721293,165.6110236
0.002723954,165.6250367
0.002726616,165.6390497
0.002729277,165.6530628
0.002731939,165.6670758
0.002734601,165.6810888
0.002737262,165.6951019
0.002739924,165.7091149
0.002742585,165.723128
0.002745247,165.737141
0.002747909,165.7511541
0.00275057,165.7651671
0.002753232,165.7791802
0.002755893,165.7931932
0.002758555,165.8072063
0.002761217,165.8212193
0.002763878,165.8352324
0.00276654,165.8492454
0.002769201,165.8632585
0.002771863,165.8772715
0.002773764,165.891394
0.002775665,165.9055166
0.002777566,165.9196391
0.002779468,165.9337616
0.002781369,165.9478841
0.00278327,165.9620067
0.002785171,165.9761292
0.002787072,165.9902517
0.002788973,166.0043742
0.002790874,166.0184968
0.002792775,166.0326193
0.002794677,166.0467418
0.002796578,166.0608643
0.002798479,166.0749869
0.00280038,166.0891094
0.002802281,166.1032319
0.002804182,166.1173545
0.002806083,166.131477
0.002807985,166.1455995
0.002809886,166.159722
0.002811787,166.1738446
0.002813688,166.1879671
0.002815589,166.2020896
0.00281749,166.2162121
0.002819391,166.2303347
0.002821292,166.2444572
0.002823194,166.2585797
0.002825095,166.2727022
0.002826996,166.2868248
0.002828897,166.3009473
0.002831178,166.3294113
0.00283346,166.3578753
0.002835741,166.3863393
0.002838022,166.4148033
0.002840304,166.4432673
0.002842585,166.4717313
0.002844867,166.5001953
0.002847148,166.5286593
0.002849429,166.5571233
0.002851711,166.5855873
0.002853992,166.6140513
0.002856273,166.6425153
0.002858555,166.6709793
0.002860836,166.6994433
0.002863118,166.7279074
0.002865399,166.7563714
0.00286768,166.7848354
0.002869962,166.8132994
0.002872243,166.8417634
0.002874524,166.8702274
0.002876806,166.8986914
0.002879087,166.9271554
0.002881368,166.9556194
0.00288365,166.9840834
0.002885931,167.0125474
0.002888213,167.0410114
0.002890494,167.0694754
0.002892775,167.0979394
0.002895057,167.1264034
0.002897338,167.1548674
0.00290038,167.1544295
0.002903422,167.1539916
0.002906464,167.1535537
0.002909505,167.1531158
0.002912547,167.1526779
0.002915589,167.15224
0.002918631,167.1518021
0.002921673,167.1513641
0.002924715,167.1509262
0.002927756,167.1504883
0.002930798,167.1500504
0.00293384,167.1496125
0.002936882,167.1491746
0.002939924,167.1487367
0.002942966,167.1482988
0.002946007,167.1478609
0.002949049,167.147423
0.002952091,167.1469851
0.002955133,167.1465472
0.002958175,167.1461093
0.002961216,167.1456714
0.002964258,167.1452335
0.0029673,167.1447955
0.002970342,167.1443576
0.002973384,167.1439197
0.002976426,167.1434818
0.002979468,167.1430439
0.002982509,167.142606
0.002985551,167.1421681
0.002988593,167.1417302
0.002990874,167.155798
0.002993156,167.1698658
0.002995437,167.1839336
0.002997718,167.1980013
0.003,167.2120691
0.003002281,167.2261369
0.003004563,167.2402047
0.003006844,167.2542725
0.003009125,167.2683403
0.003011407,167.2824081
0.003013688,167.2964759
0.003015969,167.3105436
0.003018251,167.3246114
0.003020532,167.3386792
0.003022814,167.352747
0.003025095,167.3668148
0.003027376,167.3808826
0.003029658,167.3949504
0.003031939,167.4090181
0.00303422,167.4230859
0.003036502,167.4371537
0.003038783,167.4512215
0.003041064,167.4652893
0.003043346,167.4793571
0.003045627,167.4934249
0.003047909,167.5074927
0.00305019,167.5215604
0.003052471,167.5356282
0.003054753,167.549696
0.003057034,167.5637638
0.003060076,167.5777221
0.003063118,167.5916804
0.00306616,167.6056387
0.003069201,167.619597
0.003072243,167.6335554
0.003075285,167.6475137
0.003078327,167.661472
0.003081369,167.6754303
0.003084411,167.6893886
0.003087452,167.7033469
0.003090494,167.7173052
0.003093536,167.7312635
0.003096578,167.7452218
0.00309962,167.7591801
0.003102662,167.7731385
0.003105703,167.7870968
0.003108745,167.8010551
0.003111787,167.8150134
0.003114829,167.8289717
0.003117871,167.84293
0.003120912,167.8568883
0.003123954,167.8708466
0.003126996,167.8848049
0.003130038,167.8987632
0.00313308,167.9127216
0.003136122,167.9266799
0.003139164,167.9406382
0.003142205,167.9545965
0.003145247,167.9685548
0.003148289,167.9825131
0.00315057,167.9965809
0.003152852,168.0106487
0.003155133,168.0247165
0.003157414,168.0387842
0.003159696,168.052852
0.003161977,168.0669198
0.003164259,168.0809876
0.00316654,168.0950554
0.003168821,168.1091232
0.003171103,168.123191
0.003173384,168.1372588
0.003175665,168.1513265
0.003177947,168.1653943
0.003180228,168.1794621
0.003182509,168.1935299
0.003184791,168.2075977
0.003187072,168.2216655
0.003189354,168.2357333
0.003191635,168.249801
0.003193916,168.2638688
0.003196198,168.2779366
0.003198479,168.2920044
0.00320076,168.3060722
0.003203042,168.32014
0.003205323,168.3342078
0.003207605,168.3482756
0.003209886,168.3623433
0.003212167,168.3764111
0.003214449,168.3904789
0.00321673,168.4045467
0.003219011,168.4186145
0.003221293,168.4326823
0.003223574,168.4467501
0.003225855,168.4608178
0.003228137,168.4748856
0.003230418,168.4889534
0.0032327,168.5030212
0.003234981,168.517089
0.003237262,168.5311568
0.003239544,168.5452246
0.003241825,168.5592924
0.003244106,168.5733601
0.003246388,168.5874279
0.003248669,168.6014957
0.003250951,168.6155635
0.003253232,168.6296313
0.003255513,168.6436991
0.003257795,168.6577669
0.003260076,168.6718346
0.003262357,168.6859024
0.003264639,168.6999702
0.00326692,168.714038
0.003269201,168.7281058
0.003271483,168.7421736
0.003273764,168.7562414
0.003276046,168.7703092
0.003278327,168.7843769
0.003280608,168.7984447
0.00328289,168.8125125
0.003285171,168.8265803
0.003287833,168.8405933
0.003290494,168.8546064
0.003293156,168.8686194
0.003295817,168.8826325
0.003298479,168.8966456
0.003301141,168.9106586
0.003303802,168.9246717
0.003306464,168.9386847
0.003309125,168.9526978
0.003311787,168.9667108
0.003314449,168.9807239
0.00331711,168.9947369
0.003319772,169.00875
0.003322433,169.022763
0.003325095,169.0367761
0.003327757,169.0507891
0.003330418,169.0648022
0.00333308,169.0788152
0.003335741,169.0928283
0.003338403,169.1068413
0.003341065,169.1208544
0.003343726,169.1348674
0.003346388,169.1488805
0.003349049,169.1628935
0.003351711,169.1769066
0.003354373,169.1909196
0.003357034,169.2049327
0.003359696,169.2189457
0.003362357,169.2329588
0.003365019,169.2469718
0.00336692,169.2466981
0.003368821,169.2464244
0.003370722,169.2461507
0.003372624,169.245877
0.003374525,169.2456033
0.003376426,169.2453296
0.003378327,169.2450559
0.003380228,169.2447823
0.003382129,169.2445086
0.00338403,169.2442349
0.003385931,169.2439612
0.003387833,169.2436875
0.003389734,169.2434138
0.003391635,169.2431401
0.003393536,169.2428664
0.003395437,169.2425927
0.003397338,169.242319
0.003399239,169.2420453
0.003401141,169.2417716
0.003403042,169.2414979
0.003404943,169.2412242
0.003406844,169.2409505
0.003408745,169.2406769
0.003410646,169.2404032
0.003412547,169.2401295
0.003414448,169.2398558
0.00341635,169.2395821
0.003418251,169.2393084
0.003420152,169.2390347
0.003422053,169.238761
0.003423954,169.2528835
0.003425855,169.2670061
0.003427756,169.2811286
0.003429658,169.2952511
0.003431559,169.3093736
0.00343346,169.3234962
0.003435361,169.3376187
0.003437262,169.3517412
0.003439163,169.3658637
0.003441064,169.3799863
0.003442965,169.3941088
0.003444867,169.4082313
0.003446768,169.4223538
0.003448669,169.4364764
0.00345057,169.4505989
0.003452471,169.4647214
0.003454372,169.478844
0.003456273,169.4929665
0.003458175,169.507089
0.003460076,169.5212115
0.003461977,169.5353341
0.003463878,169.5494566
0.003465779,169.5635791
0.00346768,169.5777016
0.003469581,169.5918242
0.003471482,169.6059467
0.003473384,169.6200692
0.003475285,169.6341917
0.003477186,169.6483143
0.003479087,169.6624368
0.003481749,169.6620536
0.00348441,169.6616705
0.003487072,169.6612873
0.003489733,169.6609041
0.003492395,169.660521
0.003495057,169.6601378
0.003497718,169.6597546
0.00350038,169.6593714
0.003503041,169.6589883
0.003505703,169.6586051
0.003508365,169.6582219
0.003511026,169.6578388
0.003513688,169.6574556
0.003516349,169.6570724
0.003519011,169.6566893
0.003521673,169.6563061
0.003524334,169.6559229
0.003526996,169.6555397
0.003529657,169.6551566
0.003532319,169.6547734
0.003534981,169.6543902
0.003537642,169.6540071
0.003540304,169.6536239
0.003542965,169.6532407
0.003545627,169.6528576
0.003548289,169.6524744
0.00355095,169.6520912
0.003553612,169.651708
0.003556273,169.6513249
0.003558935,169.6509417
0.003561977,169.6649
0.003565019,169.6788583
0.003568061,169.6928166
0.003571102,169.7067749
0.003574144,169.7207333
0.003577186,169.7346916
0.003580228,169.7486499
0.00358327,169.7626082
0.003586312,169.7765665
0.003589353,169.7905248
0.003592395,169.8044831
0.003595437,169.8184414
0.003598479,169.8323997
0.003601521,169.846358
0.003604563,169.8603164
0.003607604,169.8742747
0.003610646,169.888233
0.003613688,169.9021913
0.00361673,169.9161496
0.003619772,169.9301079
0.003622814,169.9440662
0.003625855,169.9580245
0.003628897,169.9719828
0.003631939,169.9859411
0.003634981,169.9998995
0.003638023,170.0138578
0.003641065,170.0278161
0.003644106,170.0417744
0.003647148,170.0557327
0.00365019,170.069691
0.003653232,170.0836493
0.003656274,170.0976076
0.003659316,170.1115659
0.003662357,170.1255242
0.003665399,170.1394826
0.003668441,170.1534409
0.003671483,170.1673992
0.003674525,170.1813575
0.003677567,170.1953158
0.003680608,170.2092741
0.00368365,170.2232324
0.003686692,170.2371907
0.003689734,170.251149
0.003692776,170.2651073
0.003695818,170.2790657
0.003698859,170.293024
0.003701901,170.3069823
0.003704943,170.3209406
0.003707985,170.3348989
0.003711027,170.3488572
0.003714069,170.3628155
0.00371711,170.3767738
0.003720152,170.3907321
0.003723194,170.4046904
0.003726236,170.4186488
0.003729278,170.4326071
0.00373232,170.4465654
0.003735361,170.4605237
0.003738403,170.474482
0.003741445,170.4884403
0.003743726,170.4881119
0.003746008,170.4877834
0.003748289,170.487455
0.00375057,170.4871266
0.003752852,170.4867982
0.003755133,170.4864697
0.003757415,170.4861413
0.003759696,170.4858129
0.003761977,170.4854844
0.003764259,170.485156
0.00376654,170.4848276
0.003768821,170.4844991
0.003771103,170.4841707
0.003773384,170.4838423
0.003775666,170.4835139
0.003777947,170.4831854
0.003780228,170.482857
0.00378251,170.4825286
0.003784791,170.4822001
0.003787072,170.4818717
0.003789354,170.4815433
0.003791635,170.4812148
0.003793916,170.4808864
0.003796198,170.480558
0.003798479,170.4802296
0.003800761,170.4799011
0.003803042,170.4795727
0.003805323,170.4792443
0.003807605,170.4789158
0.003809886,170.4785874
0.003812548,170.4926004
0.003815209,170.5066135
0.003817871,170.5206265
0.003820532,170.5346396
0.003823194,170.5486526
0.003825856,170.5626657
0.003828517,170.5766787
0.003831179,170.5906918
0.00383384,170.6047048
0.003836502,170.6187179
0.003839164,170.6327309
0.003841825,170.646744
0.003844487,170.660757
0.003847148,170.6747701
0.00384981,170.6887831
0.003852472,170.7027961
0.003855133,170.7168092
0.003857795,170.7308222
0.003860456,170.7448353
0.003863118,170.7588483
0.00386578,170.7728614
0.003868441,170.7868744
0.003871103,170.8008875
0.003873764,170.8149005
0.003876426,170.8289136
0.003879088,170.8429266
0.003881749,170.8569397
0.003884411,170.8709527
0.003887072,170.8849658
0.003889734,170.8989788
0.003892396,170.9129919
0.003895057,170.9270049
0.003897719,170.941018
0.00390038,170.955031
0.003903042,170.9690441
0.003905704,170.9830571
0.003908365,170.9970702
0.003911027,171.0110832
0.003913688,171.0250963
0.00391635,171.0391093
0.003919012,171.0531224
0.003921673,171.0671354
0.003924335,171.0811485
0.003926996,171.0951615
0.003929658,171.1091746
0.00393232,171.1231876
0.003934981,171.1372007
0.003937643,171.1512137
0.003940304,171.1652268
0.003942966,171.1792398
0.003945628,171.1932529
0.003948289,171.2072659
0.003950951,171.221279
0.003953612,171.235292
0.003956274,171.2493051
0.003958936,171.2633181
0.003961597,171.2773312
0.003964259,171.2913442
0.00396692,171.3053573
0.003969582,171.3193703
0.003971863,171.3334381
0.003974145,171.3475059
0.003976426,171.3615737
0.003978707,171.3756414
0.003980989,171.3897092
0.00398327,171.403777
0.003985552,171.4178448
0.003987833,171.4319126
0.003990114,171.4459804
0.003992396,171.4600482
0.003994677,171.474116
0.003996958,171.4881837
0.00399924,171.5022515
0.004001521,171.5163193
0.004003803,171.5303871
0.004006084,171.5444549
0.004008365,171.5585227
0.004010647,171.5725905
0.004012928,171.5866582
0.004015209,171.600726
0.004017491,171.6147938
0.004019772,171.6288616
0.004022053,171.6429294
0.004024335,171.6569972
0.004026616,171.671065
0.004028898,171.6851328
0.004031179,171.6992005
0.00403346,171.7132683
0.004035742,171.7273361
0.004038023,171.7414039
0.004040685,171.7554169
0.004043346,171.76943
0.004046008,171.783443
0.004048669,171.7974561
0.004051331,171.8114691
0.004053993,171.8254822
0.004056654,171.8394952
0.004059316,171.8535083
0.004061977,171.8675213
0.004064639,171.8815344
0.004067301,171.8955474
0.004069962,171.9095605
0.004072624,171.9235735
0.004075285,171.9375866
0.004077947,171.9515996
0.004080609,171.9656126
0.00408327,171.9796257
0.004085932,171.9936387
0.004088593,172.0076518
0.004091255,172.0216648
0.004093917,172.0356779
0.004096578,172.0496909
0.00409924,172.063704
0.004101901,172.077717
0.004104563,172.0917301
0.004107225,172.1057431
0.004109886,172.1197562
0.004112548,172.1337692
0.004115209,172.1477823
0.004117871,172.1617953
0.004121293,172.1613027
0.004124715,172.16081
0.004128137,172.1603174
0.004131559,172.1598247
0.004134981,172.1593321
0.004138403,172.1588394
0.004141825,172.1583468
0.004145247,172.1578542
0.004148669,172.1573615
0.004152091,172.1568689
0.004155513,172.1563762
0.004158935,172.1558836
0.004162357,172.1553909
0.004165779,172.1548983
0.004169202,172.1544057
0.004172624,172.153913
0.004176046,172.1534204
0.004179468,172.1529277
0.00418289,172.1524351
0.004186312,172.1519424
0.004189734,172.1514498
0.004193156,172.1509571
0.004196578,172.1504645
0.0042,172.1499719
0.004203422,172.1494792
0.004206844,172.1489866
0.004210266,172.1484939
0.004213688,172.1480013
0.00421711,172.1475086
0.004220532,172.147016
0.004223194,172.1754253
0.004225855,172.2038345
0.004228517,172.2322438
0.004231178,172.2606531
0.00423384,172.2890623
0.004236502,172.3174716
0.004239163,172.3458808
0.004241825,172.3742901
0.004244486,172.4026994
0.004247148,172.4311086
0.00424981,172.4595179
0.004252471,172.4879272
0.004255133,172.5163364
0.004257794,172.5447457
0.004260456,172.573155
0.004263118,172.6015642
0.004265779,172.6299735
0.004268441,172.6583827
0.004271102,172.686792
0.004273764,172.7152013
0.004276426,172.7436105
0.004279087,172.7720198
0.004281749,172.8004291
0.00428441,172.8288383
0.004287072,172.8572476
0.004289734,172.8856568
0.004292395,172.9140661
0.004295057,172.9424754
0.004297718,172.9708846
0.00430038,172.9992939
0.004304182,172.9987465
0.004307985,172.9981991
0.004311787,172.9976518
0.004315589,172.9971044
0.004319392,172.996557
0.004323194,172.9960096
0.004326996,172.9954622
0.004330798,172.9949148
0.004334601,172.9943675
0.004338403,172.9938201
0.004342205,172.9932727
0.004346008,172.9927253
0.00434981,172.9921779
0.004353612,172.9916305
0.004357415,172.9910832
0.004361217,172.9905358
0.004365019,172.9899884
0.004368821,172.989441
0.004372624,172.9888936
0.004376426,172.9883462
0.004380228,172.9877989
0.004384031,172.9872515
0.004387833,172.9867041
0.004391635,172.9861567
0.004395438,172.9856093
0.00439924,172.9850619
0.004403042,172.9845146
0.004406844,172.9839672
0.004410647,172.9834198
0.004414449,172.9828724
0.004417871,173.0111722
0.004421293,173.039472
0.004424715,173.0677718
0.004428137,173.0960716
0.004431559,173.1243714
0.004434981,173.1526711
0.004438403,173.1809709
0.004441825,173.2092707
0.004445247,173.2375705
0.004448669,173.2658703
0.004452091,173.2941701
0.004455513,173.3224699
0.004458935,173.3507697
0.004462357,173.3790695
0.00446578,173.4073693
0.004469202,173.435669
0.004472624,173.4639688
0.004476046,173.4922686
0.004479468,173.5205684
0.00448289,173.5488682
0.004486312,173.577168
0.004489734,173.6054678
0.004493156,173.6337676
0.004496578,173.6620674
0.0045,173.6903672
0.004503422,173.7186669
0.004506844,173.7469667
0.004510266,173.7752665
0.004513688,173.8035663
0.00451711,173.8318661
0.004520912,173.8313187
0.004524715,173.8307713
0.004528517,173.8302239
0.004532319,173.8296766
0.004536122,173.8291292
0.004539924,173.8285818
0.004543726,173.8280344
0.004547528,173.827487
0.004551331,173.8269396
0.004555133,173.8263922
0.004558935,173.8258448
0.004562738,173.8252975
0.00456654,173.8247501
0.004570342,173.8242027
0.004574145,173.8236553
0.004577947,173.8231079
0.004581749,173.8225605
0.004585551,173.8220131
0.004589354,173.8214658
0.004593156,173.8209184
0.004596958,173.820371
0.004600761,173.8198236
0.004604563,173.8192762
0.004608365,173.8187288
0.004612168,173.8181814
0.00461597,173.817634
0.004619772,173.8170867
0.004623574,173.8165393
0.004627377,173.8159919
0.004631179,173.8154445
0.004634981,173.8436896
0.004638784,173.8719346
0.004642586,173.9001797
0.004646388,173.9284247
0.00465019,173.9566698
0.004653993,173.9849148
0.004657795,174.0131599
0.004661597,174.0414049
0.004665399,174.06965
0.004669202,174.097895
0.004673004,174.1261401
0.004676806,174.1543851
0.004680608,174.1826302
0.004684411,174.2108752
0.004688213,174.2391203
0.004692015,174.2673654
0.004695818,174.2956104
0.00469962,174.3238555
0.004703422,174.3521005
0.004707224,174.3803456
0.004711027,174.4085906
0.004714829,174.4368357
0.004718631,174.4650807
0.004722433,174.4933258
0.004726236,174.5215708
0.004730038,174.5498159
0.00473384,174.5780609
0.004737642,174.606306
0.004741445,174.634551
0.004745247,174.6627961
0.004747528,174.6624677
0.00474981,174.6621392
0.004752091,174.6618108
0.004754372,174.6614824
0.004756654,174.6611539
0.004758935,174.6608255
0.004761217,174.6604971
0.004763498,174.6601686
0.004765779,174.6598402
0.004768061,174.6595118
0.004770342,174.6591833
0.004772623,174.6588549
0.004774905,174.6585265
0.004777186,174.658198
0.004779468,174.6578696
0.004781749,174.6575412
0.00478403,174.6572127
0.004786312,174.6568843
0.004788593,174.6565559
0.004790874,174.6562274
0.004793156,174.655899
0.004795437,174.6555706
0.004797718,174.6552421
0.0048,174.6549137
0.004802281,174.6545853
0.004804563,174.6542568
0.004806844,174.6539284
0.004809125,174.6536
0.004811407,174.6532715
0.004813688,174.6529431
0.004815969,174.6814071
0.004818251,174.7098711
0.004820532,174.7383351
0.004822813,174.7667991
0.004825095,174.7952631
0.004827376,174.8237271
0.004829658,174.8521911
0.004831939,174.8806552
0.00483422,174.9091192
0.004836502,174.9375832
0.004838783,174.9660472
0.004841064,174.9945112
0.004843346,175.0229752
0.004845627,175.0514392
0.004847908,175.0799032
0.00485019,175.1083672
0.004852471,175.1368312
0.004854753,175.1652952
0.004857034,175.1937592
0.004859315,175.2222232
0.004861597,175.2506872
0.004863878,175.2791512
0.004866159,175.3076153
0.004868441,175.3360793
0.004870722,175.3645433
0.004873004,175.3930073
0.004875285,175.4214713
0.004877566,175.4499353
0.004879848,175.4783993
0.004882129,175.5068633
0.004885931,175.5063159
0.004889734,175.5057685
0.004893536,175.5052211
0.004897338,175.5046738
0.004901141,175.5041264
0.004904943,175.503579
0.004908745,175.5030316
0.004912547,175.5024842
0.00491635,175.5019368
0.004920152,175.5013894
0.004923954,175.500842
0.004927757,175.5002947
0.004931559,175.4997473
0.004935361,175.4991999
0.004939164,175.4986525
0.004942966,175.4981051
0.004946768,175.4975577
0.00495057,175.4970103
0.004954373,175.496463
0.004958175,175.4959156
0.004961977,175.4953682
0.00496578,175.4948208
0.004969582,175.4942734
0.004973384,175.493726
0.004977187,175.4931786
0.004980989,175.4926312
0.004984791,175.4920839
0.004988593,175.4915365
0.004992396,175.4909891
0.004996198,175.4904417
0.004998479,175.5189057
0.005000761,175.5473697
0.005003042,175.5758337
0.005005323,175.6042977
0.005007605,175.6327617
0.005009886,175.6612257
0.005012168,175.6896897
0.005014449,175.7181538
0.00501673,175.7466178
0.005019012,175.7750818
0.005021293,175.8035458
0.005023574,175.8320098
0.005025856,175.8604738
0.005028137,175.8889378
0.005030419,175.9174018
0.0050327,175.9458658
0.005034981,175.9743298
0.005037263,176.0027938
0.005039544,176.0312578
0.005041825,176.0597218
0.005044107,176.0881858
0.005046388,176.1166498
0.005048669,176.1451139
0.005050951,176.1735779
0.005053232,176.2020419
0.005055514,176.2305059
0.005057795,176.2589699
0.005060076,176.2874339
0.005062358,176.3158979
0.005064639,176.3443619
0.00506692,176.3440335
0.005069202,176.343705
0.005071483,176.3433766
0.005073764,176.3430482
0.005076046,176.3427197
0.005078327,176.3423913
0.005080609,176.3420629
0.00508289,176.3417344
0.005085171,176.341406
0.005087453,176.3410776
0.005089734,176.3407491
0.005092015,176.3404207
0.005094297,176.3400923
0.005096578,176.3397638
0.00509886,176.3394354
0.005101141,176.339107
0.005103422,176.3387785
0.005105704,176.3384501
0.005107985,176.3381217
0.005110266,176.3377932
0.005112548,176.3374648
0.005114829,176.3371364
0.00511711,176.3368079
0.005119392,176.3364795
0.005121673,176.3361511
0.005123955,176.3358226
0.005126236,176.3354942
0.005128517,176.3351658
0.005130799,176.3348373
0.00513308,176.3345089
0.005135742,176.348522
0.005138403,176.362535
0.005141065,176.3765481
0.005143726,176.3905611
0.005146388,176.4045742
0.00514905,176.4185872
0.005151711,176.4326003
0.005154373,176.4466133
0.005157034,176.4606264
0.005159696,176.4746394
0.005162358,176.4886525
0.005165019,176.5026655
0.005167681,176.5166786
0.005170342,176.5306916
0.005173004,176.5447047
0.005175666,176.5587177
0.005178327,176.5727308
0.005180989,176.5867438
0.00518365,176.6007569
0.005186312,176.6147699
0.005188974,176.628783
0.005191635,176.642796
0.005194297,176.6568091
0.005196958,176.6708221
0.00519962,176.6848352
0.005202282,176.6988482
0.005204943,176.7128613
0.005207605,176.7268743
0.005210266,176.7408874
0.005212928,176.7549004
0.00521559,176.7689134
0.005218251,176.7829265
0.005220913,176.7969396
0.005223574,176.8109526
0.005226236,176.8249657
0.005228898,176.8389787
0.005231559,176.8529918
0.005234221,176.8670048
0.005236882,176.8810179
0.005239544,176.8950309
0.005242206,176.9090439
0.005244867,176.923057
0.005247529,176.9370701
0.00525019,176.9510831
0.005252852,176.9650962
0.005255514,176.9791092
0.005258175,176.9931223
0.005260837,177.0071353
0.005263498,177.0211484
0.00526616,177.0351614
0.005268822,177.0491744
0.005271483,177.0631875
0.005274145,177.0772006
0.005276806,177.0912136
0.005279468,177.1052267
0.00528213,177.1192397
0.005284791,177.1332528
0.005287453,177.1472658
0.005290114,177.1612789
0.005292776,177.1752919
0.005295818,177.1892502
0.00529886,177.2032085
0.005301901,177.2171668
0.005304943,177.2311251
0.005307985,177.2450834
0.005311027,177.2590418
0.005314069,177.2730001
0.00531711,177.2869584
0.005320152,177.3009167
0.005323194,177.314875
0.005326236,177.3288333
0.005329278,177.3427916
0.005332319,177.3567499
0.005335361,177.3707082
0.005338403,177.3846666
0.005341445,177.3986249
0.005344487,177.4125832
0.005347528,177.4265415
0.00535057,177.4404998
0.005353612,177.4544581
0.005356654,177.4684164
0.005359696,177.4823747
0.005362737,177.496333
0.005365779,177.5102913
0.005368821,177.5242497
0.005371863,177.538208
0.005374905,177.5521663
0.005377946,177.5661246
0.005380988,177.5800829
0.00538403,177.5940412
0.005386692,177.6080542
0.005389353,177.6220673
0.005392015,177.6360803
0.005394676,177.6500934
0.005397338,177.6641064
0.0054,177.6781195
0.005402661,177.6921325
0.005405323,177.7061456
0.005407984,177.7201586
0.005410646,177.7341717
0.005413308,177.7481847
0.005415969,177.7621978
0.005418631,177.7762108
0.005421292,177.7902239
0.005423954,177.8042369
0.005426616,177.8182499
0.005429277,177.832263
0.005431939,177.846276
0.0054346,177.8602891
0.005437262,177.8743021
0.005439924,177.8883152
0.005442585,177.9023282
0.005445247,177.9163413
0.005447908,177.9303543
0.00545057,177.9443674
0.005453232,177.9583804
0.005455893,177.9723935
0.005458555,177.9864065
0.005461216,178.0004196
0.005463878,178.0144326
0.00546654,178.0284456
0.005469201,178.0424587
0.005471863,178.0564718
0.005474524,178.0704848
0.005477186,178.0844979
0.005479848,178.0985109
0.005482509,178.112524
0.005485171,178.126537
0.005487832,178.1405501
0.005490494,178.1545631
0.005493156,178.1685761
0.005495817,178.1825892
0.005498479,178.1966022
0.00550114,178.2106153
0.005503802,178.2246284
0.005506464,178.2386414
0.005509125,178.2526545
0.005511787,178.2666675
0.005514448,178.2806806
0.00551711,178.2946936
0.005519772,178.3087066
0.005522433,178.3227197
0.005525095,178.3367327
0.005527756,178.3507458
0.005530418,178.3647589
0.00553308,178.3787719
0.005535741,178.392785
0.005538403,178.406798
0.005541064,178.4208111
0.005543726,178.4348241
0.005547148,178.4487277
0.00555057,178.4626312
0.005553992,178.4765348
0.005557414,178.4904384
0.005560836,178.504342
0.005564258,178.5182455
0.00556768,178.5321491
0.005571103,178.5460527
0.005574525,178.5599562
0.005577947,178.5738598
0.005581369,178.5877634
0.005584791,178.6016669
0.005588213,178.6155705
0.005591635,178.6294741
0.005595057,178.6433777
0.005598479,178.6572812
0.005601901,178.6711848
0.005605323,178.6850884
0.005608745,178.6989919
0.005612167,178.7128955
0.005615589,178.7267991
0.005619011,178.7407026
0.005622434,178.7546062
0.005625856,178.7685098
0.005629278,178.7824133
0.0056327,178.7963169
0.005636122,178.8102205
0.005639544,178.8241241
0.005642966,178.8380276
0.005646388,178.8519312
0.00564905,178.8659442
0.005651711,178.8799573
0.005654373,178.8939704
0.005657034,178.9079834
0.005659696,178.9219965
0.005662358,178.9360095
0.005665019,178.9500226
0.005667681,178.9640356
0.005670342,178.9780487
0.005673004,178.9920617
0.005675666,179.0060747
0.005678327,179.0200878
0.005680989,179.0341009
0.00568365,179.0481139
0.005686312,179.062127
0.005688974,179.07614
0.005691635,179.0901531
0.005694297,179.1041661
0.005696958,179.1181792
0.00569962,179.1321922
0.005702282,179.1462052
0.005704943,179.1602183
0.005707605,179.1742313
0.005710266,179.1882444
0.005712928,179.2022575
0.00571559,179.2162705
0.005718251,179.2302836
0.005720913,179.2442966
0.005723574,179.2583097
0.005726236,179.2723227
0.005728898,179.2719395
0.005731559,179.2715564
0.005734221,179.2711732
0.005736882,179.27079
0.005739544,179.2704069
0.005742206,179.2700237
0.005744867,179.2696405
0.005747529,179.2692573
0.00575019,179.2688742
0.005752852,179.268491
0.005755514,179.2681078
0.005758175,179.2677247
0.005760837,179.2673415
0.005763498,179.2669583
0.00576616,179.2665752
0.005768822,179.266192
0.005771483,179.2658088
0.005774145,179.2654256
0.005776806,179.2650425
0.005779468,179.2646593
0.00578213,179.2642761
0.005784791,179.263893
0.005787453,179.2635098
0.005790114,179.2631266
0.005792776,179.2627435
0.005795438,179.2623603
0.005798099,179.2619771
0.005800761,179.2615939
0.005803422,179.2612108
0.005806084,179.2608276
0.005808746,179.2604444
0.005811407,179.2600613
0.005814069,179.2596781
0.00581673,179.2592949
0.005819392,179.2589118
0.005822054,179.2585286
0.005824715,179.2581454
0.005827377,179.2577622
0.005830038,179.2573791
0.0058327,179.2569959
0.005835362,179.2566127
0.005838023,179.2562296
0.005840685,179.2558464
0.005843346,179.2554632
0.005846008,179.2550801
0.00584867,179.2546969
0.005851331,179.2543137
0.005853993,179.2539305
0.005856654,179.2535474
0.005859316,179.2531642
0.005861978,179.252781
0.005864639,179.2523979
0.005867301,179.2520147
0.005869962,179.2516315
0.005872624,179.2512484
0.005875286,179.2508652
0.005877947,179.250482
0.005880609,179.2500988
0.00588327,179.2497157
0.005885932,179.2493325
0.005887453,179.2635098
0.005888974,179.277687
0.005890495,179.2918643
0.005892016,179.3060416
0.005893537,179.3202188
0.005895057,179.3343961
0.005896578,179.3485733
0.005898099,179.3627506
0.00589962,179.3769279
0.005901141,179.3911051
0.005902662,179.4052824
0.005904183,179.4194597
0.005905704,179.4336369
0.005907225,179.4478142
0.005908746,179.4619915
0.005910266,179.4761687
0.005911787,179.490346
0.005913308,179.5045232
0.005914829,179.5187005
0.00591635,179.5328778
0.005917871,179.547055
0.005919392,179.5612323
0.005920913,179.5754096
0.005922434,179.5895868
0.005923955,179.6037641
0.005925475,179.6179413
0.005926996,179.6321186
0.005928517,179.6462959
0.005930038,179.6604731
0.005931559,179.6746504
0.00593346,179.6743767
0.005935361,179.674103
0.005937262,179.6738293
0.005939164,179.6735556
0.005941065,179.6732819
0.005942966,179.6730082
0.005944867,179.6727345
0.005946768,179.6724609
0.005948669,179.6721872
0.00595057,179.6719135
0.005952471,179.6716398
0.005954373,179.6713661
0.005956274,179.6710924
0.005958175,179.6708187
0.005960076,179.670545
0.005961977,179.6702713
0.005963878,179.6699976
0.005965779,179.6697239
0.005967681,179.6694502
0.005969582,179.6691765
0.005971483,179.6689028
0.005973384,179.6686291
0.005975285,179.6683555
0.005977186,179.6680818
0.005979087,179.6678081
0.005980988,179.6675344
0.00598289,179.6672607
0.005984791,179.666987
0.005986692,179.6667133